Srno,Actual,Predicted,Zipcode
0,735000,696767.22,98178
1,1150000,1446359.18,98125
2,350500,432931.85,98028
3,860000,964947.77,98136
4,122000,166479.58,98074
5,725000,686697.47,98053
6,417000,448190.8,98003
7,594950,630002.4,98198
8,471000,437416.77,98146
9,634950,685857.73,98038
10,500000,535277.84,98007
11,768000,704969.1,98115
12,323000,283414.27,98028
13,430000,458144.02,98074
14,625000,563447.47,98107
15,710000,451184.38,98126
16,620000,603390.42,98019
17,665000,618325.04,98103
18,1600000,1494153.77,98002
19,875000,969893.29,98003
20,244900,200157.71,98133
21,1305000,1614988.11,98040
22,1789950,1634802.99,98092
23,629000,524834.33,98030
24,275000,269024.83,98030
25,385000,315003.98,98002
26,545000,631356.41,98119
27,1038000,1378045.54,98112
28,475000,492684.24,98115
29,269950,266021.58,98052
30,967000,896055.86,98027
31,645000,667140.1,98133
32,349900,322047.33,98117
33,625000,583577.25,98117
34,125000,219849.06,98058
35,384000,463713.46,98115
36,179950,210479.31,98052
37,435000,439372.52,98107
38,450000,552369.1,98001
39,622000,553464.14,98056
40,1200000,828207,98074
41,750000,805931.67,98166
42,890000,1034411.94,98053
43,280000,267088.08,98119
44,347500,386614.6,98058
45,364000,307368.42,98019
46,617000,549020.88,98023
47,2900000,2808884.77,98007
48,490000,473554.72,98115
49,349170,313125.29,98070
50,440500,498870.35,98148
51,222500,230754.04,98056
52,329000,349933.44,98117
53,315000,320039.66,98117
54,287600,265111.71,98105
55,440000,475768.94,98105
56,540000,521072.01,98042
57,333000,455681.02,98042
58,780000,760996.06,98008
59,200126,310169.59,98059
60,579000,502658.81,98166
61,275053,285223.58,98148
62,135000,194059.77,98166
63,960000,819803.82,98115
64,1175000,1264349.33,98122
65,258000,243737.23,98144
66,1430000,1323231.9,98004
67,444950,423879.4,98001
68,263000,239595.22,98042
69,556000,380947.03,98004
70,820000,853423.83,98005
71,480000,604728.16,98034
72,369950,353626.63,98125
73,260000,351254.78,98038
74,1180000,1037398.44,98042
75,378500,403616.91,98075
76,1325000,1166786.93,98008
77,560000,452250.47,98116
78,133400,142512.54,98133
79,305000,262156.24,98010
80,510000,413355.45,98038
81,515000,458204.92,98038
82,740000,703980.16,98118
83,1575000,1590998.4,98059
84,453000,425413.21,98125
85,546000,477884.13,98119
86,550000,473925.94,98092
87,365000,347897.83,98056
88,767250,645519.01,98056
89,392500,450229.9,98136
90,375000,380608.22,98023
91,725000,795360.56,98199
92,302000,256927.98,98023
93,930800,991617.75,98117
94,353500,340022.27,98117
95,710000,675501.1,98040
96,287500,409979.17,98032
97,850000,909450.69,98023
98,836000,756008.33,98038
99,515000,303738.06,98045
100,600000,537514.74,98102
101,677000,608098.42,98117
102,333760,398572.11,98077
103,629000,534784.23,98004
104,790000,483973.39,98058
105,261500,442149.61,98058
106,450000,461420.41,98117
107,615000,617855.81,98198
108,439900,459860.39,98077
109,380000,417962.14,98052
110,474000,326461.18,98027
111,426700,458751.18,98103
112,1680000,1602791.92,98038
113,535950,619801.95,98108
114,399950,391350.67,98001
115,545000,528796.09,98117
116,340000,365486.72,98103
117,350000,394514.82,98178
118,275000,282549.56,98168
119,250000,356293.06,98144
120,635000,544302.45,98177
121,490000,464670.73,98034
122,334950,270433.9,98117
123,839000,844905.71,98118
124,785000,636864.18,98052
125,380000,485881.05,98004
126,852600,869850.89,98178
127,870000,739201,98023
128,130000,196955.83,98103
129,400000,435653.74,98065
130,775000,759097.72,98092
131,526000,595694.26,98027
132,670500,635468.15,98052
133,499000,485958.87,98029
134,320000,292395.92,98107
135,1290000,1045463.62,98003
136,407193,438340.31,98003
137,1067000,1222700.75,98028
138,680000,725397.88,98125
139,629000,609700.17,98107
140,580000,701863.65,98119
141,300000,347587.53,98006
142,1900000,2046344.4,98058
143,699950,655440.68,98133
144,430000,494112.28,98006
145,630000,783128.01,98077
146,530100,538200.41,98109
147,475000,510834.68,98027
148,291000,268774.54,98032
149,650000,574748.71,98103
150,495000,542425.84,98103
151,825000,342789.34,98107
152,335000,358820.33,98003
153,230000,313168.12,98006
154,415500,407302.31,98115
155,1275000,1231080.29,98058
156,510000,493079.98,98056
157,415000,447678.7,98023
158,799000,694454.39,98022
159,276000,338251.71,98059
160,762000,851035.56,98146
161,599000,468889.88,98034
162,428000,403882.53,98075
163,852880,915335.86,98034
164,415000,483464.55,98027
165,880000,775597.09,98034
166,371000,361893.99,98198
167,445000,429759.94,98006
168,360000,485751.48,98034
169,518000,554686.93,98133
170,436472,463832.32,98166
171,222000,213417.41,98023
172,600000,1167273.49,98133
173,917500,949386.28,98033
174,240000,275377.92,98006
175,552500,435607.73,98122
176,199950,180481.81,98144
177,315000,358315.54,98122
178,330000,327414.46,98022
179,299950,281856.26,98177
180,457500,508338.67,98030
181,698000,956512.06,98126
182,325000,310183.58,98034
183,355000,439571.01,98038
184,429000,601633.12,98052
185,699950,550052.32,98033
186,495000,406099.23,98023
187,399000,559286.15,98074
188,1225000,1303745.18,98103
189,310000,363367.02,98052
190,360000,307063.52,98034
191,440000,420929.11,98058
192,300000,457841.12,98040
193,625000,680750.97,98133
194,624000,633373.99,98155
195,495000,357046.9,98023
196,245000,269398.34,98108
197,288000,277327.25,98126
198,990000,916103.79,98024
199,1039000,1172549.96,98038
200,200000,208520.53,98056
201,299000,291872.78,98042
202,738000,705684.23,98107
203,310000,371643.11,98023
204,395000,466754.56,98059
205,1150000,1343302.12,98040
206,445000,484105.73,98052
207,728725,679874.34,98116
208,395900,396235.77,98166
209,392400,491743.11,98133
210,2225000,2032838.48,98038
211,564500,565318.55,98105
212,985000,762627.91,98074
213,375000,409493.88,98001
214,559000,433804.26,98118
215,1680000,1591179.1,98168
216,373000,358580.63,98040
217,295000,226160.27,98146
218,600000,602626.09,98144
219,265000,278609.01,98177
220,525888,468188.84,98075
221,338000,285807.72,98198
222,579000,464799.29,98011
223,985000,1039355.65,98030
224,539950,607496.48,98038
225,719950,782550.93,98146
226,612500,681427.12,98053
227,221000,399858.96,98023
228,800000,605997.89,98031
229,427000,539261.96,98053
230,527500,507234.09,98166
231,300000,297605,98059
232,507000,521937.65,98023
233,719000,646250.28,98024
234,434400,433428.19,98108
235,315000,331958.82,98033
236,868000,858725.68,98010
237,270000,259378.34,98122
238,655000,533514.33,98077
239,389950,313852.87,98003
240,662700,553621.67,98003
241,782000,865024.49,98126
242,1675000,1992988.08,98115
243,909000,897884.57,98002
244,447000,481252.8,98103
245,367500,390257.94,98023
246,1299890,962115.34,98074
247,315000,293144.04,98106
248,684680,683453.54,98002
249,428000,428137.24,98103
250,460000,476338.49,98032
251,216500,250048.25,98058
252,700000,623961.43,98045
253,467000,481971.54,98118
254,209000,234665.47,98030
255,197000,191801.97,98115
256,539000,466604.8,98106
257,249000,217107.26,98059
258,403000,437301.37,98045
259,1760000,1788350.43,98052
260,265000,211444.13,98112
261,249000,264064.84,98198
262,3800000,3677853.08,98074
263,600000,668242.13,98144
264,488000,513999.02,98070
265,349950,371923.83,98031
266,334900,394148.82,98106
267,804995,826299.86,98115
268,277554,328387.52,98023
269,426000,420123.19,98004
270,310000,341057.51,98077
271,282000,374990.19,98133
272,300000,361525.57,98003
273,1620000,1374042.46,98178
274,594491,554896.04,98199
275,930000,911234.09,98031
276,485000,505025.14,98058
277,530000,494593.2,98028
278,480000,551332.18,98038
279,310000,243428.87,98118
280,550000,562637.11,98031
281,288000,269350.95,98178
282,3300000,3788854.92,98122
283,240000,304470.02,98053
284,250000,279779.7,98028
285,445000,443277.4,98030
286,754950,783263.9,98072
287,411100,455137.91,98034
288,259950,279723.05,98006
289,520000,528527.17,98006
290,1350000,1098093.33,98166
291,1150000,779733.23,98034
292,1088000,1090092.77,98001
293,1100000,977458.97,98056
294,400200,473087.84,98126
295,1635000,1841938.49,98075
296,319500,248380.95,98042
297,415000,374865.22,98059
298,533000,579179.85,98108
299,489950,525049.75,98188
300,359000,406677.44,98074
301,426000,485210.79,98003
302,219950,211267.49,98117
303,617450,531732.65,98038
304,435000,422172.93,98166
305,386100,364736.91,98112
306,430000,420521.13,98177
307,810000,715599.24,98074
308,539000,585405.89,98105
309,680000,661064.08,98056
310,935000,1190665.25,98144
311,737000,735440.38,98065
312,274950,228390.23,98119
313,1049000,765524.38,98006
314,90000,250494.06,98006
315,376000,446289.26,98058
316,1300000,709772.43,98133
317,442500,387937.93,98042
318,245000,270595.57,98103
319,440000,266676.75,98166
320,159100,180403.86,98052
321,412000,411659.01,98027
322,369500,345322.38,98001
323,335000,293165.62,98023
324,240000,302751.16,98146
325,615000,486421.09,98146
326,350000,351370.18,98077
327,245000,219401.39,98102
328,590000,730199.14,98166
329,657500,588706.73,98005
330,700000,960010.76,98105
331,469950,526349.37,98198
332,1170000,1218913.08,98022
333,815241,754838.98,98103
334,430000,399274.74,98040
335,530000,517227.94,98038
336,594000,589442.1,98072
337,500000,540044.97,98103
338,737000,554193.01,98133
339,804100,805889.92,98178
340,287000,355980.31,98052
341,268000,390095.85,98059
342,575550,481944.32,98125
343,685000,618282.15,98070
344,355000,410414.14,98065
345,358803,371652.07,98178
346,760000,802494.57,98178
347,365000,387371.15,98059
348,879950,1076128.52,98030
349,338900,290873.67,98155
350,390000,418600.22,98014
351,925000,943672.51,98040
352,435000,426146.33,98166
353,400000,473283.91,98103
354,250000,537470.52,98001
355,613500,620467.77,98118
356,440250,444444.98,98038
357,657000,740452.84,98006
358,210000,306434.94,98033
359,277000,263268.2,98116
360,464000,479378.8,98053
361,620000,621074.61,98059
362,200000,319152.11,98038
363,375000,357876.06,98033
364,346000,274074.65,98006
365,637000,528692.11,98045
366,435000,511298.65,98166
367,294900,255261.58,98074
368,305000,252180.51,98075
369,496000,448776.84,98056
370,664000,676447.3,98056
371,250000,269564.3,98133
372,550000,590759.77,98133
373,280000,313441.54,98023
374,185000,218662.35,98056
375,588000,599658.22,98075
376,422120,463838.25,98125
377,290750,300155.51,98038
378,275000,256499.86,98115
379,414950,458095.24,98144
380,1350000,1015849.71,98011
381,1385000,1283936.65,98077
382,760000,702529.08,98019
383,450000,554322.68,98052
384,505000,457454.15,98006
385,309000,312542.89,98040
386,513000,610664.15,98072
387,475000,432391.15,98058
388,315000,406219.85,98146
389,370000,365392.11,98177
390,270000,380471.07,98106
391,340000,367731.47,98008
392,425000,379707.27,98019
393,307000,301946.79,98004
394,440000,566983.74,98040
395,140000,216187.5,98028
396,450000,380847.15,98008
397,610360,580801.04,98006
398,407500,439650.09,98118
399,533000,522928.77,98058
400,672324,735742.34,98122
401,432500,509114.42,98022
402,680000,545461.85,98117
403,770000,1012719.84,98045
404,487500,495146.63,98038
405,395000,348089.1,98116
406,610000,669536.73,98103
407,347000,369842.27,98092
408,156000,182101.66,98055
409,315000,311584.76,98038
410,630500,608565.61,98031
411,720000,683438.91,98070
412,294700,250813.68,98077
413,545000,576592.05,98034
414,325000,352288.38,98178
415,415000,441269.29,98052
416,194250,257347.7,98024
417,329900,358886.53,98133
418,420000,464528.69,98019
419,250000,251896.44,98024
420,717550,803089.02,98103
421,252000,247468.88,98006
422,800000,780549.57,98056
423,550000,856793.07,98058
424,399000,324631.15,98122
425,452100,563974.11,98038
426,357000,360238.69,98166
427,799990,808933.06,98004
428,700000,620114.54,98034
429,358000,338700.87,98058
430,500012,501506.21,98042
431,480000,477146.17,98052
432,800000,788737.46,98103
433,306950,361205.22,98055
434,162248,211250.12,98011
435,800000,1127700.28,98006
436,482500,517751.38,98074
437,326188,418290.12,98052
438,215000,225617.3,98115
439,190500,221766.17,98146
440,627800,619374.93,98001
441,534000,584858.47,98001
442,200000,221040.88,98105
443,597000,540464.38,98038
444,257000,267693.88,98032
445,554000,510683.36,98072
446,275000,372568.32,98027
447,419000,469457.26,98034
448,561500,619977.8,98034
449,575000,624769.3,98028
450,375000,311198.23,98034
451,785000,678606.71,98011
452,342000,406250.54,98038
453,474900,316586.46,98006
454,671000,636523.44,98040
455,650000,730272.71,98028
456,940000,1036084.07,98072
457,1205000,934767.68,98070
458,585000,571243.96,98055
459,239000,252566.02,98042
460,433000,507866.97,98006
461,675000,813854.06,98042
462,235000,207518.14,98031
463,278000,278682.18,98023
464,475000,486097.77,98133
465,394999,388126.46,98014
466,539500,607814.26,98133
467,412000,442423.1,98042
468,417500,448154.6,98168
469,630000,645435.56,98038
470,1195000,1543424.44,98178
471,840000,841679.13,98074
472,182500,186969.67,98125
473,279900,261580.38,98074
474,588000,526666.92,98074
475,207200,209492.95,98029
476,375000,412244.85,98118
477,955500,800683.14,98115
478,382500,432123.95,98126
479,410000,366718.25,98033
480,749000,720805.89,98006
481,300000,355704.34,98042
482,294350,268788.99,98005
483,875000,803902.54,98136
484,315000,323264.63,98074
485,612500,532460.42,98023
486,380000,390114.55,98006
487,255000,274167.94,98118
488,616300,633701.74,98075
489,625000,593241.83,98027
490,299000,311468.52,98052
491,349950,369034.04,98055
492,739375,747522.69,98042
493,325000,287701.22,98034
494,1151250,919350.16,98034
495,435000,478218.81,98112
496,670000,729595.26,98116
497,1098000,966901.25,98032
498,400000,343653.81,98116
499,362500,346562.87,98065
500,1735000,2000877.23,98065
501,700000,751933.55,98117
502,885250,872505.72,98042
503,212000,254701.35,98033
504,547000,653792.58,98055
505,500000,611125.09,98188
506,567035,441008.02,98107
507,550700,582671.39,98136
508,411753,453650.5,98119
509,290000,259269.16,98033
510,459000,484473.26,98052
511,418500,456208.52,98059
512,245000,243441.14,98053
513,183500,189627.18,98133
514,1450000,1217609.42,98116
515,465000,466723.04,98133
516,375000,400344.25,98030
517,335000,291649.58,98033
518,500000,650443.43,98112
519,325000,242680.72,98059
520,1240000,1165529.88,98058
521,585000,538177.67,98178
522,545000,801657.84,98133
523,185000,225555.36,98055
524,550000,482329.96,98126
525,400000,469490.44,98004
526,450000,595914.42,98053
527,2574000,3178559.94,98024
528,300000,229163.12,98125
529,2450000,2007065.78,98052
530,206000,235869.32,98038
531,1580000,1641719.19,98092
532,530000,541481.56,98075
533,565000,523154.08,98198
534,217000,201563.27,98010
535,129888,189617.34,98058
536,540000,431824.41,98011
537,778000,850737.81,98103
538,646800,577693.78,98042
539,1375000,1368069.72,98055
540,760000,896390.95,98166
541,570000,701500.82,98056
542,215000,259606.65,98032
543,583000,528499.05,98075
544,620000,743125.7,98031
545,846450,807361.82,98052
546,329000,357249.89,98006
547,525000,637973.1,98106
548,350000,301190.76,98058
549,415000,342244.64,98168
550,325000,261915.6,98040
551,218000,267730.34,98199
552,484000,389731.25,98155
553,780000,582006.92,98055
554,700000,709500.51,98028
555,425000,398568.94,98059
556,389950,432252.75,98040
557,311000,307120.84,98188
558,225000,220723.73,98052
559,235000,273951.54,98042
560,353000,362345.32,98065
561,850000,697057.22,98092
562,228500,213543.36,98103
563,235000,273542.23,98074
564,614950,634473.22,98005
565,390000,404101.65,98053
566,550000,650011.35,98178
567,450000,823553.73,98105
568,491000,468252.66,98109
569,535000,542463.4,98014
570,535000,501638.88,98038
571,883000,829743.53,98075
572,452500,426992.11,98108
573,213500,213703.23,98122
574,465000,428064.46,98058
575,575000,458433.47,98038
576,908990,897675.96,98002
577,354000,428995.02,98077
578,800000,699182.26,98028
579,392000,380515.32,98023
580,494000,541815.64,98065
581,389000,365145.03,98003
582,279000,293086.74,98116
583,600000,612630.97,98034
584,653000,637127.6,98031
585,528000,612435.45,98045
586,795000,830424.76,98122
587,430000,424075.65,98074
588,902500,613533.38,98038
589,335000,331184.56,98144
590,172000,223209.77,98053
591,682500,638610.71,98022
592,297950,303031.96,98055
593,535000,668790.72,98038
594,299950,308494.51,98178
595,500000,577948.69,98168
596,350000,403156.66,98126
597,705000,732519.08,98045
598,440000,497418.76,98023
599,334000,335860.89,98040
600,330000,319131.02,98053
601,734200,781396.55,98092
602,428000,441489.49,98010
603,925000,653464.15,98052
604,935000,943390.48,98029
605,599950,606368.28,98188
606,616500,615337.29,98103
607,500000,575538.68,98177
608,263000,279023.63,98042
609,339000,313274.45,98028
610,2195000,2162333.66,98103
611,384000,414207.12,98199
612,630000,566232.58,98029
613,345000,306400.55,98074
614,659950,933003.13,98031
615,375000,398794.78,98125
616,331500,303391.45,98052
617,350000,376389.21,98029
618,239900,234145.75,98045
619,269500,240803.41,98092
620,540000,515875.38,98031
621,1260000,1383146.91,98116
622,753000,676436.08,98002
623,1525000,2098579.69,98117
624,275400,311390.8,98133
625,645500,750513.62,98178
626,710000,757470.86,98144
627,535000,441850.81,98115
628,660000,771703.24,98199
629,1080000,755971.18,98042
630,980000,909560.56,98022
631,265000,241508.63,98199
632,382000,493966.41,98056
633,655000,638374.46,98028
634,468000,572422.62,98105
635,700000,977245.14,98052
636,560000,499900.58,98002
637,277000,289723.59,98188
638,530000,457375.47,98003
639,1450000,1723278.94,98116
640,459995,460922.06,98136
641,386000,373220.94,98001
642,369950,361289.58,98028
643,337000,353536.82,98116
644,890000,745724.22,98065
645,358000,484562.08,98038
646,255000,226832.59,98136
647,405100,380101.67,98105
648,659000,643315.49,98198
649,175000,267244.46,98146
650,476000,492589.27,98166
651,305240,325526.29,98077
652,325000,371041.98,98118
653,339000,387791.5,98126
654,525000,574611.77,98065
655,400000,421970.03,98052
656,725000,719352.74,98034
657,445000,437416.77,98105
658,345000,314705.07,98052
659,352500,319014.05,98004
660,347000,332125.17,98045
661,200000,307431.48,98027
662,520500,409389.99,98155
663,380000,389260.68,98125
664,725000,667747.93,98072
665,469500,405768.16,98059
666,570000,499763.93,98133
667,396000,366794.72,98117
668,449400,441520.52,98003
669,292500,208004.26,98105
670,550000,622687.34,98115
671,265000,428442.85,98115
672,389000,403663.92,98006
673,637000,522361.26,98102
674,635000,728427.79,98058
675,2298000,1623510.86,98034
676,485000,544832.69,98045
677,499000,488821.38,98178
678,669950,579874.77,98136
679,631500,691013.16,98065
680,324950,245401.53,98023
681,1437500,1732210.07,98053
682,194000,261221.64,98038
683,332500,285852.79,98106
684,605000,591225.74,98115
685,871000,699188.58,98006
686,513000,390453.64,98023
687,563500,469245.47,98065
688,412000,373897.48,98115
689,299900,400744.58,98072
690,440000,490998.78,98055
691,275000,327691.8,98040
692,1210000,1300932.64,98058
693,266000,244742.6,98115
694,824000,871143.31,98053
695,305000,251069.46,98030
696,440000,446968.43,98075
697,446000,470810.04,98198
698,2110000,994302.49,98042
699,379900,431392.21,98004
700,82500,172252.99,98106
701,1110000,1007010.42,98118
702,759900,689239.65,98005
703,570000,487517.04,98119
704,435000,450947.25,98188
705,646000,634439.85,98198
706,453000,470093.62,98034
707,355000,328898.81,98155
708,249500,199218.65,98059
709,349950,325071.24,98022
710,200000,198109.69,98031
711,340000,420975.8,98001
712,273500,237679.07,98074
713,450000,549935.41,98003
714,250000,322731.89,98011
715,539900,476585.26,98032
716,330000,367702.61,98155
717,600000,808436.54,98125
718,230000,221211.29,98125
719,441000,469541.07,98010
720,787500,650748.78,98038
721,590000,619708.45,98103
722,325000,438922.57,98005
723,280000,274422.71,98052
724,625000,953138.45,98178
725,545000,591742.94,98058
726,461000,419332.76,98198
727,589900,705635.21,98126
728,500000,495651.36,98059
729,282900,270636.6,98077
730,390000,351738.78,98055
731,440000,337722.61,98045
732,470000,450418.61,98019
733,245000,224479.86,98155
734,1200000,1091163.99,98030
735,499990,522474.11,98058
736,365000,386530.87,98117
737,242000,278915.32,98006
738,312500,320873.39,98105
739,771150,882411.63,98001
740,537000,523362.68,98030
741,247000,241369.37,98117
742,370000,363642.17,98077
743,377500,377555.12,98077
744,1120000,1134630.87,98117
745,598000,603375.07,98011
746,500000,598365.95,98116
747,350000,376817.79,98028
748,255000,231876.13,98117
749,570000,562006.36,98034
750,459900,457245.05,98155
751,260000,261291.86,98116
752,230000,269417.8,98108
753,165000,251227.84,98053
754,210000,192505.41,98112
755,195000,196427.8,98023
756,310000,374888.01,98006
757,355000,356392.81,98116
758,575000,555985.21,98005
759,221900,204669.57,98118
760,500000,517504.3,98053
761,403500,282763.54,98116
762,335000,432490.8,98019
763,775000,839835.75,98038
764,829000,762579.26,98056
765,390000,302744.77,98074
766,319000,347295.14,98004
767,875000,900257.11,98042
768,389000,416958.81,98115
769,529000,545992.81,98023
770,405000,392352.34,98058
771,685000,763164.99,98056
772,370000,407077.2,98177
773,377000,400019.66,98117
774,796000,667798.48,98006
775,1220000,1278585.11,98008
776,506000,369968.53,98168
777,620047,602701.34,98122
778,460000,496511.63,98092
779,290000,342038.31,98112
780,496000,479754.1,98059
781,458950,540370.45,98034
782,475000,289938.18,98133
783,1100000,1098887.25,98103
784,453000,402308.29,98008
785,618000,600149.25,98023
786,696950,696527.28,98117
787,349990,363321.46,98027
788,300000,292284.96,98003
789,390000,450561.46,98106
790,528000,475391.05,98052
791,398000,419318.32,98074
792,300000,349771.29,98006
793,1062500,1361703.82,98168
794,572500,498412.77,98168
795,465000,557136.16,98133
796,267345,287415.76,98053
797,390000,393616.15,98033
798,790000,776433.11,98065
799,286000,291361.07,98077
800,329950,335782.5,98103
801,495000,579954.42,98006
802,423800,510570.71,98034
803,346000,387082.09,98011
804,218000,218097.63,98126
805,451000,414116.67,98029
806,900000,1181061.95,98042
807,310000,372000.49,98006
808,472000,515884.34,98053
809,683000,682092.18,98042
810,440000,469428.09,98008
811,250000,307056.62,98122
812,144975,187984.95,98056
813,3204000,2594723.89,98075
814,250000,263393.79,98040
815,355000,342804.12,98010
816,753888,759527.31,98029
817,589000,542229.08,98030
818,675000,829982.88,98059
819,367000,480864.84,98022
820,729032,777426.07,98092
821,700000,408842,98031
822,375000,327368.26,98199
823,690000,624694.73,98133
824,325000,343211.44,98133
825,528000,570252.22,98118
826,343500,372017.05,98103
827,390000,388960.76,98168
828,760000,776271.09,98008
829,855169,737086.72,98075
830,678500,605630.02,98115
831,400000,416985.55,98058
832,505000,337038.9,98023
833,250000,240849.46,98008
834,510000,566029.72,98001
835,453000,282470.24,98023
836,1980000,1997721.11,98053
837,685650,590411.56,98053
838,745000,721858.12,98032
839,290000,337045.37,98092
840,399000,451354.33,98168
841,815000,817347.06,98133
842,972000,1011044.73,98006
843,491000,467963.05,98022
844,282000,247802.93,98177
845,364950,396658.45,98059
846,860000,876945.81,98105
847,229000,252055.57,98011
848,555000,695737.53,98052
849,730000,736898.75,98023
850,600000,620377.89,98029
851,425000,543607.78,98038
852,310000,440847.09,98136
853,588000,563636.89,98028
854,1210000,993478.41,98092
855,715000,643920.71,98059
856,499000,423256.31,98038
857,415000,498660.55,98056
858,462500,537953.48,98027
859,366000,347154.8,98042
860,572500,600970.26,98168
861,490000,650817.75,98115
862,828950,958945.27,98033
863,439800,453583.11,98144
864,660000,481098.35,98092
865,666000,649620.2,98038
866,534000,541465.48,98056
867,800000,450517.06,98029
868,401000,399248.25,98118
869,565000,499943.88,98092
870,534950,615283.64,98144
871,292000,289978.26,98007
872,305000,319915.25,98033
873,416000,362373.38,98074
874,221000,226301.83,98006
875,436000,515866.85,98102
876,360000,358985.39,98031
877,713000,510150.01,98011
878,262000,258739.59,98198
879,989000,1091664.75,98168
880,725000,750296.53,98115
881,460000,374304.94,98136
882,763101,617038.02,98092
883,408000,471507.95,98105
884,452000,470489.93,98119
885,775000,762874.2,98004
886,419900,421795.32,98122
887,790000,737284.36,98103
888,896000,958010.33,98011
889,310000,271353.35,98072
890,207950,234683.67,98053
891,605000,567623.98,98102
892,304950,259643.29,98042
893,752888,764480.06,98106
894,625000,506210.89,98106
895,590000,502175.6,98007
896,200000,272822.43,98040
897,277000,259508.43,98077
898,580000,518256.56,98033
899,788600,828510.5,98042
900,580000,588224.46,98040
901,439000,457380.21,98077
902,1200000,1129208.57,98056
903,578888,493188.45,98126
904,541338,558031.94,98058
905,383000,353945.97,98115
906,503000,473019.42,98038
907,615000,573682.03,98031
908,263000,393236.77,98144
909,815000,680681.96,98136
910,700000,552732.63,98002
911,413565,463300.61,98052
912,1100000,1326500.57,98001
913,365000,410827.72,98106
914,1650000,1635872.37,98055
915,270000,387956.98,98115
916,363000,389549.6,98107
917,579100,464643.1,98031
918,579950,491920.55,98106
919,291000,339602.26,98058
920,522500,634520.34,98198
921,115000,207227.26,98014
922,450000,605905.74,98188
923,449000,499110.58,98040
924,980000,958361.87,98126
925,349950,418330.24,98033
926,390000,395093.46,98031
927,450000,408107.52,98118
928,379400,459614.73,98133
929,450000,392102.14,98058
930,850000,783178.02,98118
931,870000,809548.76,98034
932,860000,909553.26,98010
933,425000,520368.14,98092
934,510250,441851.19,98117
935,556000,602087.07,98117
936,405000,311272.85,98038
937,369950,342517.53,98155
938,337000,377814.2,98042
939,425000,300522.51,98024
940,265000,339501.79,98107
941,229999,255536.39,98118
942,255000,292658.03,98136
943,475000,607767.68,98125
944,530000,584310.18,98112
945,690000,717826.28,98166
946,180000,254985.4,98023
947,252000,247684.72,98004
948,180500,261915.6,98045
949,229800,373535.28,98006
950,852000,672748.14,98118
951,250000,245692.94,98125
952,686000,764092.29,98033
953,999000,768536.09,98103
954,850000,752410.83,98075
955,250000,267808.6,98126
956,1250000,796605.21,98103
957,402000,474752.26,98042
958,360000,313172.39,98177
959,560000,774456.71,98118
960,800000,761678.77,98116
961,915000,790672.18,98074
962,565000,524476.14,98102
963,319900,336727.27,98022
964,899000,850598.19,98077
965,360000,284632.47,98146
966,545000,546104.76,98001
967,324800,305787.97,98074
968,380000,391359.86,98034
969,1200000,1482684.13,98033
970,349000,370692.6,98116
971,542300,633458.48,98198
972,1650000,1673779.62,98125
973,452000,523959.21,98029
974,801000,819898.9,98027
975,195000,237419,98074
976,301500,268988.95,98031
977,1120000,948011.4,98023
978,334950,354152.98,98003
979,390000,369400.28,98056
980,235000,181155.73,98055
981,1085500,1023256.24,98006
982,499950,474178.45,98065
983,546000,534801.62,98117
984,335000,333212.22,98177
985,540000,589713.84,98115
986,637000,574889.21,98022
987,525000,527906.56,98168
988,535000,418256.45,98126
989,313500,414287.84,98029
990,725000,627214.61,98005
991,540000,583287.95,98115
992,749000,684674.69,98125
993,410000,388454.07,98003
994,172380,189164.46,98146
995,565000,581710.26,98038
996,302000,301950.67,98001
997,433190,376152.22,98105
998,565000,669700.57,98038
999,288790,297981.91,98001
1000,855000,889589.98,98105
1001,289950,279658.97,98058
1002,182568,388552.97,98023
1003,417000,475607.82,98125
1004,544000,551783.58,98092
1005,433000,408402.61,98117
1006,285000,352179.45,98065
1007,230000,210221.97,98023
1008,613000,570875.07,98024
1009,740000,840339.42,98103
1010,242000,235987.08,98117
1011,517950,583726.91,98072
1012,834000,850496.34,98007
1013,652000,582209.13,98008
1014,455000,501132.16,98122
1015,585000,710562.08,98178
1016,686000,553804.2,98052
1017,665000,510354.47,98125
1018,142000,206617.37,98168
1019,350000,516367.77,98030
1020,602500,676222.97,98077
1021,616500,612878.93,98038
1022,203000,267242.06,98052
1023,333000,355786.13,98034
1024,716528,594381.07,98126
1025,700000,563943.62,98031
1026,294010,272889.3,98144
1027,431000,474063.71,98133
1028,185000,194944.91,98030
1029,462500,463609.83,98199
1030,390000,322637.75,98117
1031,245000,272736.26,98144
1032,1339000,1491496.11,98053
1033,405000,437555.88,98001
1034,165000,233316.04,98006
1035,399950,268636.49,98199
1036,260000,213649.82,98146
1037,280000,294478.68,98103
1038,640000,612942.92,98038
1039,1185000,1004768.4,98075
1040,242500,236274.34,98002
1041,649950,410025.5,98052
1042,285000,359009.6,98117
1043,380000,275955.33,98055
1044,467500,439054.9,98033
1045,1850000,1681892.21,98053
1046,368000,414183.03,98011
1047,568000,584493.26,98027
1048,565000,613148.18,98006
1049,251750,254614.98,98105
1050,521000,432610.34,98199
1051,680000,593525.07,98136
1052,209950,209033.41,98033
1053,240000,242025.94,98075
1054,1250000,1142301.95,98117
1055,374000,410154.62,98010
1056,267800,310274.31,98034
1057,270000,323039.26,98199
1058,417200,491759.11,98125
1059,760000,698927.42,98056
1060,980000,996098.67,98042
1061,269950,241404.29,98053
1062,425000,408292.46,98136
1063,1310000,955290.58,98027
1064,158000,255695.31,98133
1065,718000,509485.5,98109
1066,2384000,1731942.38,98055
1067,593700,575949.09,98108
1068,471000,429619.02,98198
1069,612000,595977.25,98075
1070,550000,457651.24,98006
1071,858000,859820.89,98125
1072,269000,261986.07,98006
1073,461000,479569.31,98136
1074,205000,352640.7,98112
1075,975000,1051253.25,98168
1076,522000,556007.14,98178
1077,330000,310127.82,98126
1078,255000,282304.7,98199
1079,415000,502137.85,98133
1080,252000,251984.84,98198
1081,515000,633908.41,98178
1082,358500,314598.99,98003
1083,440000,433267.78,98122
1084,300000,292997.61,98166
1085,390000,408225.47,98144
1086,396000,451969.45,98144
1087,430000,453061.36,98168
1088,592500,651237.87,98058
1089,741000,544778.51,98059
1090,479950,502791.2,98052
1091,419000,323532.9,98053
1092,738000,621157.21,98004
1093,500000,462869.22,98136
1094,637000,690277.62,98034
1095,235000,218963.91,98053
1096,653000,658831.02,98092
1097,270000,253643.96,98109
1098,675000,588042.6,98133
1099,535000,558174.8,98056
1100,910000,1003449.74,98059
1101,189950,199296.97,98122
1102,456500,508989.7,98126
1103,950968,772462.48,98023
1104,746500,842051.95,98075
1105,290000,236006.02,98007
1106,523000,448148.65,98033
1107,432500,515399.32,98119
1108,630000,594728.57,98106
1109,350000,392454.98,98038
1110,320000,369132.88,98092
1111,465000,432965,98003
1112,1520000,1226749.46,98030
1113,607000,680665.07,98029
1114,411605,421044.36,98008
1115,500000,484473.26,98168
1116,531800,565043.23,98103
1117,465000,502925.5,98019
1118,349900,328061.76,98125
1119,692000,745633.18,98056
1120,1195000,1661710.28,98092
1121,250000,258554.77,98146
1122,648475,695633.1,98029
1123,342000,360300.01,98059
1124,604950,663891.54,98112
1125,334950,310578.58,98059
1126,199000,221317.87,98106
1127,253779,299261.08,98027
1128,460000,547288.2,98056
1129,820000,1226588.42,98056
1130,454000,429154.92,98125
1131,330000,437218.15,98008
1132,575000,508120.5,98178
1133,555000,609744.2,98059
1134,460000,536279.38,98055
1135,320000,222339.31,98155
1136,595000,595871.23,98117
1137,455000,440593.49,98022
1138,1350000,1064189.59,98038
1139,580000,587127.75,98011
1140,235000,222305.78,98115
1141,252500,275707.72,98144
1142,575000,528262.37,98007
1143,189000,254344.59,98075
1144,420000,320937.65,98058
1145,1190000,1275887.33,98178
1146,465000,415667.09,98029
1147,539000,503488.55,98155
1148,492500,489700.62,98109
1149,658500,577813.99,98022
1150,1308000,1030185.61,98103
1151,239950,254156.25,98072
1152,270000,281218.42,98034
1153,335000,404471.62,98092
1154,316000,320429.51,98027
1155,975000,932491.89,98103
1156,341780,329527.78,98033
1157,500000,430056.61,98178
1158,959000,1080181.21,98031
1159,365000,529206.07,98118
1160,605000,493065.34,98042
1161,570000,526779.64,98115
1162,314950,236120.62,98034
1163,896000,739873.3,98034
1164,545000,575182.39,98033
1165,381000,381871.04,98133
1166,345950,316222.63,98034
1167,470000,418228.43,98023
1168,250000,293443.8,98070
1169,325000,340050.31,98031
1170,715000,897571.4,98105
1171,335000,342301.84,98053
1172,599000,613480.69,98027
1173,349950,295134.43,98065
1174,998000,998850.23,98004
1175,223000,213365.94,98107
1176,271900,287863.12,98072
1177,349900,357470.61,98118
1178,420000,405409.27,98198
1179,883000,871196.77,98177
1180,772000,725459.46,98027
1181,500000,516085.76,98024
1182,910000,833481.03,98029
1183,353000,322520.17,98136
1184,125000,172660.36,98006
1185,304000,309821.44,98133
1186,538000,531430.79,98059
1187,310000,431773.99,98070
1188,630000,618255.45,98133
1189,450000,415555.76,98058
1190,750000,747000.75,98118
1191,249900,247064.78,98188
1192,285000,293392.58,98168
1193,670000,704120.73,98119
1194,335000,342178.24,98115
1195,347000,369192.95,98125
1196,304500,259634.83,98106
1197,351000,490217.84,98014
1198,555000,576112.94,98155
1199,169100,220358.64,98027
1200,475000,523408.35,98042
1201,565000,552084.74,98006
1202,436000,444676.71,98118
1203,269950,245379.62,98118
1204,286000,279440.33,98003
1205,401000,393643.93,98027
1206,458000,473700.88,98109
1207,207000,261775.33,98116
1208,272000,272675.3,98033
1209,495000,587243.35,98155
1210,334000,329347.87,98115
1211,885000,799962.65,98058
1212,415000,437888.75,98199
1213,365000,369417.49,98038
1214,456000,583736.4,98155
1215,740000,560906.43,98011
1216,464950,415807.24,98065
1217,285000,281388.64,98122
1218,770000,862682.35,98001
1219,794154,759407.94,98014
1220,368000,391359.68,98023
1221,395000,346837.52,98011
1222,324000,336038.59,98033
1223,660000,715930.96,98001
1224,190000,265754.52,98118
1225,479000,446770.45,98155
1226,215000,336698.25,98042
1227,473000,545573.3,98031
1228,3100000,3147768.29,98118
1229,710000,662999.65,98038
1230,939000,913378.21,98034
1231,540000,493774.6,98108
1232,870000,674461.97,98042
1233,225000,225183.31,98002
1234,920000,1064796.49,98166
1235,1950000,1910089.56,98166
1236,285000,265267.25,98030
1237,264950,249340.59,98028
1238,399950,435601.64,98072
1239,486000,497815.78,98126
1240,293000,274536.09,98074
1241,1242000,1627840.81,98056
1242,3200000,3373017.34,98072
1243,565000,412631.27,98092
1244,615000,772882.31,98117
1245,435000,515956.79,98014
1246,770000,636522.36,98075
1247,851000,907528.71,98112
1248,475000,507628.34,98053
1249,950000,1163522.1,98117
1250,448000,403891.18,98058
1251,175000,218522.46,98056
1252,210000,233147.31,98133
1253,319950,355634.73,98027
1254,305000,247096.06,98023
1255,269900,280545.78,98024
1256,320000,338114.33,98103
1257,244900,255010.95,98032
1258,172500,206243.39,98109
1259,255000,234026.31,98092
1260,770000,683829.74,98052
1261,1851000,2159815.05,98166
1262,350000,424900.36,98029
1263,285000,516772.25,98118
1264,309000,284497.41,98092
1265,1242500,1059016.67,98053
1266,412000,360241.37,98059
1267,680000,598192.76,98103
1268,475000,564618.2,98030
1269,152000,218370.89,98117
1270,649000,612477.75,98059
1271,360000,315994.06,98198
1272,345000,377213.75,98004
1273,355000,367117,98058
1274,585000,363909.37,98133
1275,350000,386867.3,98144
1276,808000,968658.61,98028
1277,1220000,1035477.67,98053
1278,680200,629369.32,98112
1279,270000,436304.99,98065
1280,745000,566313.49,98056
1281,500000,537461.2,98072
1282,225000,253858.02,98004
1283,1400000,1123972.62,98011
1284,251000,265163.61,98136
1285,526000,581881.72,98058
1286,549000,472299.7,98198
1287,2479000,3057116.88,98058
1288,190000,203322.44,98058
1289,252000,236207.29,98030
1290,860000,975035.44,98058
1291,241000,192349.15,98168
1292,279000,288461.49,98070
1293,315000,302981.78,98117
1294,659950,607414.71,98092
1295,435000,405871.05,98116
1296,629000,536887.02,98040
1297,2180000,1901458.97,98126
1298,294000,335628.41,98033
1299,851000,820908.02,98042
1300,2288000,2164736.88,98115
1301,525000,562383.59,98133
1302,532500,463766.21,98042
1303,849000,854386.07,98177
1304,390000,340628.13,98024
1305,366000,290525.53,98053
1306,490000,405921.83,98177
1307,500000,566365.91,98019
1308,283700,249991.29,98003
1309,464000,576732.53,98115
1310,334009,443943.29,98023
1311,335000,313955.54,98042
1312,399500,413965.69,98155
1313,250000,419845.79,98058
1314,526000,513255.85,98059
1315,340000,384790.86,98040
1316,110000,196387.3,98014
1317,212000,218374.12,98008
1318,580000,568366.08,98092
1319,530000,523340.43,98102
1320,485000,505124.93,98072
1321,130000,207304.84,98034
1322,583500,519920.15,98155
1323,1020000,911521.92,98030
1324,240000,248273.06,98038
1325,356000,315509.33,98166
1326,334000,283869.12,98122
1327,525000,450238.14,98115
1328,590000,507661.47,98112
1329,335000,440220.62,98027
1330,251000,312349.88,98033
1331,274000,222326.76,98023
1332,361000,323934.61,98155
1333,285900,253388.07,98055
1334,861000,777261.24,98199
1335,277500,308786.75,98074
1336,391000,369987.87,98144
1337,1485000,1216559.96,98122
1338,410988,317433.42,98027
1339,419000,484623.58,98058
1340,158000,208123.61,98034
1341,365000,394268.64,98006
1342,245000,240893.93,98103
1343,425000,475056.33,98023
1344,425000,360241.37,98133
1345,535000,528970.03,98109
1346,285000,247712.6,98005
1347,320000,386897.21,98075
1348,355000,321849.94,98133
1349,255000,235889.56,98118
1350,300000,281191.56,98122
1351,665000,754640.27,98058
1352,1225000,938219.19,98070
1353,419354,385813.98,98033
1354,245000,299038.81,98126
1355,445000,466036.83,98115
1356,495000,472259.01,98029
1357,390000,380981.73,98074
1358,268950,244682.42,98155
1359,275000,313793.58,98117
1360,724950,674755.39,98199
1361,199000,212759.3,98052
1362,299000,289197.8,98052
1363,692500,749543.08,98052
1364,640000,571399.44,98055
1365,617000,508303.77,98045
1366,580000,540622.59,98103
1367,577000,564638.85,98030
1368,380000,346994.45,98029
1369,780000,793999.54,98034
1370,446250,558229,98178
1371,795127,1055012.46,98119
1372,407500,334803.81,98022
1373,382000,455477.09,98103
1374,545000,553939.81,98166
1375,325000,370433.19,98155
1376,600000,692801.28,98038
1377,360000,348416.45,98146
1378,570000,422948.13,98117
1379,550000,563449.84,98125
1380,935000,770903.13,98029
1381,358990,381686.87,98042
1382,259500,255010.95,98155
1383,625000,686170,98033
1384,374000,376593.32,98115
1385,675000,715050.79,98056
1386,284200,226363.86,98006
1387,430000,483666.2,98166
1388,582500,482319.6,98001
1389,460000,489666.93,98022
1390,310000,314567.37,98074
1391,429592,639365.33,98115
1392,358000,344063.38,98146
1393,430000,425408.64,98115
1394,220000,227122.97,98028
1395,599000,805847.24,98038
1396,675000,493162.36,98075
1397,535000,629322.4,98006
1398,1583000,1229925.1,98077
1399,257950,218263.53,98053
1400,280500,286235.04,98030
1401,420000,404943.85,98010
1402,384000,325319.3,98106
1403,712500,621021.56,98027
1404,305000,299672.29,98005
1405,2000000,1878188.58,98011
1406,840000,697013.02,98059
1407,755000,1006298.38,98198
1408,590000,531453.64,98055
1409,330000,243503.48,98103
1410,399950,461198.9,98033
1411,395000,306554.3,98006
1412,445800,479459.27,98178
1413,490000,560202.36,98144
1414,475000,502069.37,98033
1415,576000,566136.75,98146
1416,259875,302109.79,98023
1417,160000,223526.24,98155
1418,435000,610380.75,98126
1419,365000,481127.97,98133
1420,385000,512100.07,98178
1421,350000,638610.71,98072
1422,440000,398232.45,98115
1423,551000,563787.3,98199
1424,525000,576497.58,98155
1425,560000,423281.7,98074
1426,380000,266408.51,98001
1427,402000,318093.71,98065
1428,599000,641597.68,98072
1429,435000,273250.41,98042
1430,685000,692027.08,98033
1431,435000,392536.72,98103
1432,739000,697723.69,98108
1433,252000,237976.72,98105
1434,252000,251768.92,98103
1435,304000,345924.97,98168
1436,245000,421915.9,98077
1437,255000,253321.61,98144
1438,495000,549655.05,98033
1439,334000,450826.69,98034
1440,950000,848585.87,98008
1441,340000,238004.4,98030
1442,589000,822923.57,98103
1443,314900,337474.18,98006
1444,720000,763270.68,98007
1445,315000,261083.45,98155
1446,300000,351727.8,98052
1447,285000,293201.47,98055
1448,369950,358037.66,98004
1449,168000,216707.23,98042
1450,765000,759061.7,98133
1451,681000,521132.46,98133
1452,465425,485566.04,98198
1453,327000,374631.51,98056
1454,700000,720056.86,98074
1455,368500,334592.32,98019
1456,539000,542411.66,98117
1457,375000,477116.62,98144
1458,557000,560828.44,98117
1459,450000,390544.21,98052
1460,500000,385130.37,98109
1461,500000,516273.1,98117
1462,375000,473776.54,98032
1463,585000,525931.57,98103
1464,820000,753044.43,98029
1465,340000,380366.99,98029
1466,791500,611703.54,98125
1467,855000,1002006.47,98136
1468,299500,317548.21,98133
1469,405000,475994.08,98117
1470,212000,210887.16,98166
1471,249000,227417.41,98040
1472,600000,576005.69,98027
1473,740000,548531.26,98103
1474,200000,289618.85,98003
1475,400000,453711.68,98007
1476,566000,645530.95,98034
1477,210000,300006.78,98074
1478,400000,441323.03,98003
1479,137900,214154.37,98118
1480,175000,174839.64,98052
1481,365070,329456.93,98053
1482,359000,315444.82,98014
1483,260000,245147.98,98074
1484,288350,267235.54,98070
1485,529000,523717.8,98146
1486,315000,523530.79,98023
1487,374500,350812.47,98074
1488,620000,559452.45,98052
1489,952000,1022098.19,98027
1490,423000,444788.3,98059
1491,1000000,1208654.92,98126
1492,443500,529637.84,98011
1493,2150000,1259279.55,98033
1494,560000,485024.26,98007
1495,536650,504354.2,98028
1496,598500,574115.8,98023
1497,245000,252886.46,98144
1498,539500,618314.95,98116
1499,870515,879961.62,98056
1500,1600000,1453559.75,98031
1501,290000,268772.49,98030
1502,389000,388397.07,98055
1503,747000,702548.69,98178
1504,270000,318402.81,98177
1505,440000,582199.4,98023
1506,499000,491464.37,98119
1507,385000,408463.84,98001
1508,255000,268682.52,98059
1509,205000,213121.4,98042
1510,695000,808211.45,98092
1511,386000,339957.34,98058
1512,293000,300828.9,98011
1513,930000,703386.72,98118
1514,780000,868117.9,98045
1515,313000,319083.78,98074
1516,565000,586477.36,98042
1517,712500,759541.08,98075
1518,690000,735065.13,98108
1519,185000,228774.12,98053
1520,440000,445891.35,98042
1521,775900,731326.25,98102
1522,532170,484410.92,98042
1523,520000,486952.36,98198
1524,545000,534372.76,98034
1525,330000,527150.16,98052
1526,297000,292214.79,98034
1527,715000,625687.22,98007
1528,591000,573553.58,98008
1529,475000,620435.35,98029
1530,352950,555595.07,98077
1531,430000,396603.54,98199
1532,500000,520693.06,98106
1533,254000,226861.96,98004
1534,460000,397555.96,98117
1535,525000,490407.98,98059
1536,282000,322153.51,98115
1537,3640900,3316484.89,98006
1538,1200690,931856.11,98059
1539,550000,467963.05,98005
1540,199500,227346.68,98133
1541,825000,604130.76,98146
1542,379500,316837.07,98107
1543,250000,298540.53,98033
1544,436000,416592.15,98006
1545,345000,327917.86,98001
1546,330000,177475.73,98058
1547,465000,478234.96,98034
1548,710000,752256.65,98058
1549,156000,180546.98,98105
1550,600000,699718.62,98001
1551,680000,632823.87,98003
1552,330000,327460.71,98031
1553,455000,433680.39,98058
1554,775000,913475.43,98040
1555,779000,781615.2,98034
1556,270000,248109.96,98038
1557,925000,916580.27,98065
1558,525000,773002.68,98077
1559,358000,451784.91,98136
1560,465000,475342.91,98103
1561,485000,516688.45,98034
1562,1595000,964323.29,98058
1563,510000,570494.31,98118
1564,375000,409192.62,98117
1565,224000,256586.69,98072
1566,397000,378129.31,98023
1567,250000,223434.83,98038
1568,357000,315582.03,98052
1569,369950,315616.7,98075
1570,330000,449229.86,98065
1571,150000,203015.68,98198
1572,487000,492586.09,98033
1573,154200,240141.71,98034
1574,487500,542816.02,98092
1575,523000,503956.03,98074
1576,319500,424669.75,98198
1577,2150000,2621356.04,98198
1578,875000,817294.85,98103
1579,592500,600854.36,98126
1580,450000,422153.43,98108
1581,164950,262255.72,98106
1582,535000,616870.72,98072
1583,675000,741847.66,98199
1584,584000,544363.82,98004
1585,370228,340022.27,98168
1586,365000,422546.42,98053
1587,532500,629979.7,98136
1588,1990000,2404892.25,98177
1589,379500,309816.57,98155
1590,355000,358492.56,98075
1591,520000,466592.67,98115
1592,436000,435570.07,98045
1593,458000,602550.2,98144
1594,299000,342457.97,98115
1595,353000,345752.36,98040
1596,443750,470731.92,98118
1597,350000,335311.6,98019
1598,437400,598989.89,98007
1599,230000,256985.36,98116
1600,368000,329615.87,98010
1601,1120000,684774.85,98112
1602,244000,268356.85,98040
1603,449000,307167.27,98006
1604,375000,353142.55,98002
1605,545000,588781.11,98105
1606,470000,529132.38,98027
1607,693000,896757.22,98092
1608,1775000,1777248.91,98178
1609,286000,254387.86,98032
1610,315500,347462.26,98116
1611,285000,301953.15,98045
1612,274900,326474.3,98045
1613,405000,405331.48,98075
1614,338000,348861.66,98118
1615,225000,523255.49,98030
1616,635700,747265.25,98122
1617,580500,554297.01,98136
1618,625000,696658.05,98125
1619,503000,622426.61,98126
1620,209000,202268.45,98010
1621,315000,264054.91,98032
1622,600000,569536.88,98042
1623,363000,300188.38,98155
1624,844000,848236.6,98045
1625,340000,398998.95,98055
1626,291000,275550.68,98112
1627,370000,410873.34,98112
1628,240000,260607.21,98112
1629,297000,326993.85,98133
1630,935000,1099358.11,98058
1631,573500,622714.26,98074
1632,633000,857995.21,98072
1633,381000,369996.35,98055
1634,1085000,1176308.64,98118
1635,289950,380683.14,98034
1636,250000,234618.96,98168
1637,675500,594520.65,98052
1638,267000,295730.51,98155
1639,280000,218874.85,98118
1640,315000,387519.62,98008
1641,637850,643208.85,98005
1642,135000,227154.89,98034
1643,575000,601659.46,98055
1644,925900,999171.18,98001
1645,425000,436442.16,98199
1646,287000,301241.72,98042
1647,459000,467951.66,98116
1648,388598,368280.07,98146
1649,352500,401231.86,98115
1650,1225000,1360586.5,98059
1651,280000,262055.05,98188
1652,361000,364426.64,98168
1653,386591,463300.61,98014
1654,570000,557102.89,98001
1655,545000,585966.03,98028
1656,224000,271437.11,98198
1657,211000,261839.92,98108
1658,685000,801896.86,98023
1659,464950,454739.13,98144
1660,775000,674707.86,98122
1661,525000,395944.1,98059
1662,970000,1119349.66,98074
1663,730000,666140.79,98053
1664,625000,586246.94,98126
1665,607500,671226.17,98116
1666,650000,779828.37,98030
1667,500000,573001.78,98118
1668,648360,704024.14,98109
1669,259950,259508.43,98106
1670,550000,595126.62,98103
1671,730000,818320.42,98133
1672,615000,522669.85,98058
1673,562200,513215.76,98030
1674,472000,519751.99,98103
1675,270000,258935.03,98002
1676,658000,603459.06,98144
1677,300000,340934.26,98022
1678,475000,366839.81,98118
1679,535000,411280.64,98118
1680,335000,310754.11,98077
1681,834538,837857.23,98040
1682,520000,599628.32,98155
1683,460000,470143.21,98028
1684,375000,400905.99,98005
1685,270000,292758.77,98034
1686,315000,308127.87,98155
1687,604000,571405.42,98033
1688,2885000,2300122.29,98070
1689,420000,385114.29,98107
1690,1100000,668389.29,98028
1691,245000,280660.52,98001
1692,458000,436565.67,98077
1693,506000,535929.78,98034
1694,810000,1064339.36,98125
1695,990000,914706.33,98010
1696,900000,854488.33,98042
1697,351000,341737.4,98075
1698,635000,674607.9,98034
1699,597000,673959.58,98136
1700,150000,192575.2,98038
1701,672000,715821.77,98112
1702,403000,400545.31,98042
1703,437718,390046.86,98092
1704,2160000,1781223.03,98034
1705,299000,434851.08,98003
1706,934550,950607.14,98102
1707,245000,252324.18,98155
1708,434000,427608.51,98001
1709,222000,204035.63,98019
1710,290000,234742.35,98166
1711,555000,648098.71,98023
1712,775000,802651.26,98133
1713,290500,507885.78,98031
1714,550000,697874.62,98115
1715,470000,482377.39,98038
1716,307000,393280.1,98122
1717,315000,349441.38,98136
1718,322000,378972.93,98177
1719,235000,255117.84,98022
1720,245000,266512.8,98040
1721,277950,277218.73,98011
1722,760000,671344.97,98056
1723,320000,363085.11,98059
1724,427000,536164.7,98056
1725,260000,258039.03,98038
1726,2650000,1944210.58,98023
1727,1150000,1267430.49,98038
1728,702000,779542.25,98055
1729,494400,556681.8,98117
1730,355000,449761.55,98040
1731,1365000,1054908.84,98108
1732,412500,321701.91,98004
1733,440000,516505.1,98075
1734,414000,398592.95,98116
1735,438924,420998.52,98106
1736,495000,545350.78,98059
1737,1300000,1533327.08,98001
1738,660000,575089.04,98122
1739,925000,1148512.44,98077
1740,310000,255548.68,98059
1741,715000,759515.1,98042
1742,289000,230260.27,98056
1743,310000,302570.83,98027
1744,550000,740384.73,98103
1745,760000,642760.3,98072
1746,549000,479943.83,98029
1747,605000,546411.39,98022
1748,329950,272234.26,98116
1749,234000,230834.56,98155
1750,525000,668817.74,98059
1751,555000,608760.92,98105
1752,252000,305253.92,98146
1753,464500,494980.99,98199
1754,765000,864332.99,98027
1755,460000,441871.74,98146
1756,380000,408305.04,98075
1757,640000,668669.58,98055
1758,635000,582669.56,98074
1759,350000,479539.18,98155
1760,389250,390775.69,98118
1761,265000,230825.38,98108
1762,413000,403251.38,98006
1763,575000,645188.82,98040
1764,332000,263096.24,98077
1765,500000,765901.74,98058
1766,300000,275090.59,98103
1767,300000,363164.93,98155
1768,562500,521139.06,98109
1769,230000,256896.8,98178
1770,320000,443931.15,98033
1771,480000,470415.73,98106
1772,475000,499195.57,98034
1773,1400000,1961727.9,98023
1774,530000,534004.94,98019
1775,524000,599563.13,98014
1776,323000,344943.24,98058
1777,385000,347947.59,98031
1778,622000,722056.46,98033
1779,609900,616372.1,98133
1780,169575,213121.4,98103
1781,1003000,1169385.36,98072
1782,460000,507371,98010
1783,800500,669042.49,98177
1784,661000,627736.98,98074
1785,232500,247276.71,98023
1786,535000,512871.56,98126
1787,652600,683249.66,98199
1788,815000,768661.18,98146
1789,603000,652000.69,98155
1790,297000,316957.69,98058
1791,750000,800407.97,98006
1792,339950,387829.2,98010
1793,445000,462420.29,98001
1794,451000,481272.72,98119
1795,397000,390666.34,98014
1796,949000,1108815.63,98052
1797,635000,683186.37,98178
1798,505000,538893.7,98177
1799,268000,315611.96,98144
1800,237200,230079.92,98001
1801,440000,383212.18,98006
1802,360000,489821.75,98118
1803,355000,463742.68,98059
1804,227000,228468.22,98058
1805,359500,347982.42,98178
1806,395000,448022.52,98029
1807,241500,322311.16,98092
1808,405000,443030.11,98053
1809,670000,902700.75,98034
1810,400000,420723.3,98133
1811,398500,399452.28,98188
1812,475500,497544.54,98011
1813,849900,544005.02,98028
1814,527700,413656.86,98024
1815,838000,728036.49,98029
1816,442573,405590.24,98115
1817,425000,366726.97,98112
1818,295000,274676.98,98004
1819,678700,603474.15,98074
1820,342400,343845.12,98133
1821,645000,540814.83,98077
1822,1443920,1357884.8,98019
1823,619500,612267.43,98136
1824,649000,583618.13,98178
1825,750000,774863.73,98117
1826,440000,401662.59,98116
1827,491150,499942.79,98055
1828,275000,251493.26,98116
1829,475000,472044.19,98115
1830,209000,201273.66,98136
1831,214000,254673.32,98117
1832,522500,558473.8,98146
1833,310000,364481.85,98133
1834,1335000,1159935.68,98198
1835,203000,201713.31,98119
1836,575000,511108.35,98038
1837,329922,327758.09,98198
1838,485000,538416.91,98006
1839,1680000,2118922.14,98092
1840,81000,167280.44,98146
1841,559950,594471.74,98006
1842,940000,862114.15,98115
1843,2600000,2744645.48,98040
1844,1325000,921013.02,98116
1845,430000,470003.58,98058
1846,306000,369651.99,98103
1847,395000,464253.24,98117
1848,750000,667818.16,98199
1849,1195000,1385616.72,98198
1850,419000,387301.04,98058
1851,325000,306276.91,98166
1852,1475000,1295002.43,98034
1853,988000,1056891.94,98118
1854,399000,370459.51,98155
1855,420000,387203.17,98042
1856,255000,310035.52,98038
1857,273500,268916.51,98006
1858,802000,708517.58,98053
1859,474000,470918.32,98008
1860,216500,204959.06,98005
1861,500000,398557.63,98136
1862,483453,500469.94,98075
1863,440000,471346.66,98116
1864,960000,877747.67,98055
1865,1490000,1328387.82,98055
1866,1135000,911626.23,98033
1867,179000,203871.92,98133
1868,475000,377949.38,98011
1869,241500,220601.55,98027
1870,389000,421287.7,98122
1871,766500,749152.43,98002
1872,335500,358603.15,98116
1873,685000,516111.36,98033
1874,490000,516702.34,98155
1875,1454000,1162856.55,98011
1876,635000,686869.92,98027
1877,835000,749589.03,98074
1878,725000,802994.39,98075
1879,265000,216688.91,98033
1880,289950,303005.12,98059
1881,405000,392633.66,98056
1882,359782,561311.08,98103
1883,315000,366858.22,98056
1884,449950,451318.13,98031
1885,650000,719403.63,98168
1886,180000,212920.97,98075
1887,436000,467526.35,98003
1888,417500,421583.6,98008
1889,455000,407612.94,98144
1890,710000,677620.09,98052
1891,420000,385434.66,98058
1892,1230000,941671.36,98177
1893,720000,824670.84,98053
1894,233500,218695.81,98040
1895,254000,224857.3,98122
1896,225000,178144.42,98005
1897,469000,479491.08,98125
1898,950000,1124074.4,98198
1899,460000,454394.62,98155
1900,180000,216511.23,98055
1901,250000,204887.39,98125
1902,1200000,1171088.07,98034
1903,890000,815541.44,98074
1904,525000,497549.9,98119
1905,299800,229469.87,98115
1906,410000,490925.94,98108
1907,948000,808182.83,98136
1908,542000,566015.87,98059
1909,860000,824507.54,98092
1910,355000,320111.8,98115
1911,387000,424800.07,98074
1912,300000,306199.78,98133
1913,370000,357690.24,98166
1914,554000,517195.64,98053
1915,290000,298909.96,98116
1916,544500,581847.81,98006
1917,675000,577492.4,98001
1918,706000,735991.52,98010
1919,660000,801272.7,98133
1920,2050000,1575909.6,98126
1921,650000,640619.31,98003
1922,500000,526487.08,98028
1923,190000,200799.41,98038
1924,432500,397357.12,98077
1925,540000,652026.53,98029
1926,1625000,1041560.58,98023
1927,1310000,1080466.08,98106
1928,570000,537603.21,98155
1929,752000,894134.19,98107
1930,600000,562302.21,98059
1931,435000,401255.1,98188
1932,775000,638850.41,98118
1933,543000,522255.3,98029
1934,1164000,987268.94,98108
1935,298500,313268.72,98144
1936,213000,326184.31,98033
1937,667500,613049.67,98052
1938,179950,218745.57,98166
1939,250000,168946.61,98075
1940,465000,419388.81,98003
1941,1101000,943492.12,98006
1942,625000,616593.32,98030
1943,375000,354422.42,98001
1944,455000,548602.04,98112
1945,561000,502852.36,98102
1946,650000,760216.8,98053
1947,2983000,2935753.65,98008
1948,272000,265031.27,98023
1949,455000,454108.69,98070
1950,202500,250343.46,98116
1951,409950,360241.37,98074
1952,382450,346084.29,98023
1953,285000,365686.69,98058
1954,358000,376838.61,98007
1955,340000,302493.17,98029
1956,439000,423327.37,98014
1957,550000,514644.77,98188
1958,1105000,859622.55,98038
1959,353000,374758.65,98058
1960,298000,296976.94,98103
1961,1695000,1507925.96,98092
1962,652000,706833.1,98199
1963,1900000,1824451.82,98042
1964,485000,627926.71,98055
1965,610000,463709.51,98118
1966,1237500,1206517.24,98103
1967,475000,487859.45,98056
1968,499950,479200.46,98027
1969,824000,956146.7,98117
1970,230000,308185.64,98166
1971,338500,270038.06,98019
1972,1085000,884611.73,98006
1973,216650,336952.5,98116
1974,433000,304916.93,98117
1975,235000,292937.27,98115
1976,235867,247750.09,98033
1977,260000,290993.4,98074
1978,1800000,1909239.09,98074
1979,370000,464252.58,98042
1980,146300,202053.09,98177
1981,619000,660597.01,98056
1982,921000,894178.38,98023
1983,1350000,923870.08,98115
1984,450000,501747.55,98034
1985,440000,413194.71,98019
1986,350000,341707.94,98125
1987,1225000,1151812.08,98112
1988,925850,849566.41,98103
1989,299900,274720.01,98178
1990,198900,288142.08,98006
1991,419000,474431.83,98065
1992,359950,365099.3,98042
1993,373000,468084.77,98053
1994,600000,613702.47,98103
1995,700000,822962.84,98042
1996,265000,217330.81,98178
1997,435000,437873.97,98002
1998,675000,695220.35,98074
1999,540000,475849.96,98007
2000,214000,194873.23,98103
2001,699000,1063626.87,98030
2002,1715000,2042974.34,98002
2003,374950,296954.99,98126
2004,468000,438153.93,98028
2005,208500,179350.07,98045
2006,126000,181931.79,98112
2007,495000,518116.21,98102
2008,828000,850772.91,98118
2009,345000,324191.34,98058
2010,310000,312047.04,98001
2011,448000,497778.18,98053
2012,155000,224147.64,98040
2013,383000,503367.29,98125
2014,348500,274450.39,98038
2015,250000,461285.35,98058
2016,1040000,1364929.52,98188
2017,726000,714364.34,98102
2018,635000,651344.45,98075
2019,246500,256578.48,98146
2020,815000,853862.5,98034
2021,220000,241538.95,98055
2022,1350000,1174080.97,98117
2023,910000,861077.96,98033
2024,372000,351990.46,98075
2025,379000,440035.42,98117
2026,254000,262500.15,98126
2027,850000,638928.99,98115
2028,245000,320817.97,98188
2029,429000,585895.01,98010
2030,415000,382385.38,98072
2031,229000,279063.42,98022
2032,187000,201480.01,98146
2033,580000,545105.56,98136
2034,309933,291044.93,98059
2035,314950,265127.27,98034
2036,183000,198410.47,98116
2037,949950,788270.25,98133
2038,180000,231317.33,98108
2039,685000,945197.83,98108
2040,541000,577140.47,98105
2041,452000,489322.85,98031
2042,670000,567939.96,98107
2043,774000,723403.59,98022
2044,950000,975883.62,98040
2045,481000,494678.07,98126
2046,569000,634484.33,98112
2047,310000,276178.53,98034
2048,425000,409469.6,98034
2049,338900,272902.14,98053
2050,380000,326974.07,98023
2051,287000,276529.18,98092
2052,287500,279980.13,98059
2053,419990,446894.92,98155
2054,100000,180403.86,98038
2055,567500,523163.68,98023
2056,147400,214209.33,98126
2057,648000,726385.39,98148
2058,370000,298408.18,98024
2059,2850000,1743969.82,98125
2060,369950,364072.78,98038
2061,810000,804887.12,98125
2062,685000,597899.41,98103
2063,425000,622947.84,98115
2064,444900,478146.03,98007
2065,437000,454793.65,98042
2066,623500,603825.05,98034
2067,215000,225222.42,98074
2068,254000,256747.09,98077
2069,345000,362839.35,98117
2070,435000,486525.3,98002
2071,450000,437339.97,98075
2072,408000,441216.06,98038
2073,518000,479505.79,98126
2074,305000,264417.36,98136
2075,1058000,912762.32,98040
2076,475000,528864.08,98053
2077,475000,647362.02,98125
2078,500000,480784.1,98042
2079,259950,264847.22,98112
2080,394950,366291.73,98117
2081,705000,650428.76,98168
2082,405000,412042.29,98052
2083,625000,707233.15,98040
2084,198000,203785.64,98112
2085,406000,271373.59,98040
2086,389000,305137.48,98038
2087,870000,951552.49,98053
2088,355000,355231.83,98006
2089,855000,724226.15,98075
2090,1210000,1174383.67,98177
2091,325000,270073.94,98040
2092,443000,378193.7,98125
2093,455000,408025.84,98126
2094,533112,501957.16,98168
2095,810000,854434.6,98103
2096,442000,460707.5,98092
2097,355000,309816.57,98144
2098,447500,448284.94,98125
2099,417400,435726.63,98125
2100,359900,366660.51,98122
2101,150550,266949.62,98008
2102,405000,439191.5,98023
2103,743700,753817.56,98107
2104,800000,744976.59,98038
2105,259950,250609.67,98056
2106,227000,222057.24,98198
2107,790000,828510.5,98058
2108,281500,257291.65,98074
2109,2750000,2521731.35,98058
2110,838400,813652.98,98116
2111,450000,555598.97,98155
2112,427500,379912.12,98004
2113,601450,646119.46,98075
2114,509000,459195.38,98042
2115,399950,460373.51,98034
2116,2500000,2409934.61,98059
2117,1735000,1376796.44,98092
2118,349950,285374.07,98102
2119,291500,241440.99,98075
2120,765000,762237.56,98006
2121,900000,1021387.6,98072
2122,455000,463246.96,98033
2123,480000,520418.3,98053
2124,660000,786797.41,98103
2125,549900,508947.96,98177
2126,475000,529956.14,98030
2127,225000,239491.18,98030
2128,817500,740993.73,98092
2129,340000,324644.54,98146
2130,216000,260097.45,98136
2131,550000,469281.78,98034
2132,652000,627088.36,98106
2133,628000,605913.57,98118
2134,430000,561502.34,98023
2135,385000,331242.07,98001
2136,310000,277873.65,98105
2137,400000,381781.08,98178
2138,499900,450418.61,98177
2139,832500,630615.16,98004
2140,210000,251769.25,98008
2141,1750000,1632391.74,98168
2142,624000,549878.1,98075
2143,560000,527532.56,98023
2144,334888,364291.55,98058
2145,2400000,2187629.18,98133
2146,510000,495548.26,98004
2147,521000,569262.68,98038
2148,308625,331542.39,98107
2149,700000,639939.16,98055
2150,317000,363130.14,98027
2151,740000,779259.8,98027
2152,470000,547029.32,98008
2153,221000,319238.93,98117
2154,471000,495659.89,98188
2155,668500,628361.75,98058
2156,1825000,2418628.99,98136
2157,294950,326497.03,98011
2158,732000,749249.15,98008
2159,299000,241437.46,98028
2160,229950,254879.1,98103
2161,571000,534511.11,98001
